,x1,x2,label
161,-0.9516856436412346,0.24229082921121925,0
565,-0.10042165247260695,0.2232778979256116,1
203,0.6340192719900023,0.7956434771970301,0
1230,0.6122228186700409,0.3724700432832407,2
247,0.157657113984187,0.2756670217577665,1
732,-0.8713548071690681,0.5032949216245641,0
198,0.058998031299497745,-0.35448659849219016,1
525,0.27160160781637754,-0.03255080500160659,1
865,0.21282150932646599,-0.6176275110847047,2
38,-0.23608874563438403,0.9164587983940948,0
471,-0.23513468973864496,-0.967364481110824,0
1389,1.0484203046985499,-0.08869550705854876,0
1329,0.5576594707795893,-0.4803366656801914,2
29,-0.1804931934022193,0.16905699857923878,1
243,-0.06574526372854453,-0.2814350133813672,1
1498,-0.10862270317422977,0.7198541086985768,2
422,0.9624962169758117,-0.1189307168358247,0
388,-0.9944074603095173,-0.04908363916679555,0
1139,-0.3006478119720695,0.9109073653498997,0
1417,-0.676403862926529,-0.7521364246302304,0
1055,0.7292397664407602,-0.17392184830554108,2
27,-0.044810998433002014,-0.30694854436282415,1
301,-0.9059188962514513,0.3242918227511895,0
715,0.05633414642855124,-0.3425531050430669,1
502,-0.35785337244334076,-0.14462798766893203,1
275,-0.41683053381041163,0.8778121756852424,0
699,0.2822453164670055,0.20748610646371785,1
994,-0.8482077309727856,0.5599241455117739,0
607,-0.6810394515396521,-0.7256098410734324,0
215,0.2553504202292813,0.20788882991061847,1
731,0.40456284287849476,-0.9247735471238105,0
430,-0.2046207267021409,0.16999898616614212,1
352,0.3247382459860959,0.845813807922071,0
689,0.24788179921265632,-0.18188355467674705,1
1191,-0.40334430412520494,-0.8337184059177571,0
506,-0.8813734910436246,0.4157132759329752,0
1061,-0.3349408574578225,0.9215332105250797,0
1355,0.3324319855180551,-0.6069389750460924,2
96,0.38373173310901065,-0.937707081341897,0
764,-0.7762070752562499,0.634203123815128,0
553,-0.06881697679557296,-0.24648045909655952,1
1458,-0.6307057875741716,-0.3087869649614345,2
1212,0.9451341517264964,-0.4441595339492792,0
1011,-0.620666759567501,-0.04520811872272486,2
1281,0.7258796106506206,0.7076976440572468,0
24,0.031596043988456064,-0.2906168217973809,1
478,0.06759736082852945,-0.34912979677512657,1
45,-0.3081897260223272,-0.16251331785274553,1
446,0.1414800713204217,-0.2818678574556962,1
601,0.3017847556361522,-0.06332779410553879,1
747,0.3081792268392817,-0.03849125728535108,1
900,0.5503742415601868,-0.39401668212932706,2
407,-0.20114250809473,-0.3169946647481606,1
758,0.471068653831648,-0.5388333463234024,2
332,0.2380368883751431,0.20530422896920397,1
1419,-0.1541050201109842,-1.0460484268350054,0
657,-0.23173983971506962,-0.22934031112334782,1
561,-0.24711640894430695,-0.12734623761238972,1
1075,-0.8495899638172042,-0.25811885551442404,0
953,0.6340192719900023,0.7956434771970301,0
293,0.014673250549106289,0.28596486197808924,1
564,0.7458551408213306,0.6808687887994538,0
785,-0.7383624358476534,0.05114489237784252,2
1382,-0.3105451909351547,1.0237361909312144,0
779,-0.4543120357736948,0.4606444495478033,2
1051,-0.9059188962514513,0.3242918227511895,0
98,0.20931737691756672,-0.1885142786756621,1
1330,-0.6729763040537023,-0.29370131078626,2
1444,0.578188753836961,-0.45972771186259215,2
1398,-0.6464623899116587,0.408987076924486,2
440,-0.04935829412768402,0.31606399279228636,1
1432,0.06686909654129389,1.048893192543375,0
156,-0.2934769658436031,0.04445968239639794,1
690,0.061176413668128045,0.9881558372835871,0
1026,0.8675848077598991,0.40292515148769564,0
666,0.0037935137253790052,-0.35458341268236876,1
995,-0.3000406956288321,-0.6784379119342904,2
31,0.06281749019526879,0.2988086275101473,1
102,-1.0201281538616227,0.243654655172699,0
1426,0.5751197455735719,-0.49734714625869736,2
1067,0.6438499996752571,0.32694157408339103,2
1186,0.2808645277494727,0.5024524668685637,2
854,0.5958590649066631,0.3490427581345644,2
1465,0.10646743985427291,-0.7393989855688581,2
93,0.11855237409641724,-1.0112871189613841,0
1251,0.2154040517534058,0.6508204730047448,2
599,0.48303230087720045,0.8855910483896944,0
1169,0.5606634783462874,-0.400234401178442,2
586,-0.053839929349111165,0.9712189753894476,0
58,0.0068026144227155624,0.2996959261138841,1
1133,-0.530853895442007,-0.48136155115576595,2
410,-0.9793635043218897,0.03352586941794623,0
938,0.4537428440285019,0.5207596659456969,2
986,-0.5659920897326589,0.49828779687454416,2
80,-0.2934507115224037,0.12733754753713367,1
106,-0.31710774480697407,0.020288162178360374,1
1412,-0.34544632790718677,-0.5944761719312828,2
949,-0.6329145811278458,0.12720055915110487,2
500,-0.9932755865845909,-0.13683665043757992,0
128,-0.8402124813720064,0.48474693681897457,0
491,0.0313514502079687,1.0129112266496134,0
653,0.5646667532358182,-0.81070357027117,0
541,-0.2549987954373216,0.14895782668047028,1
166,-0.28910227946282974,0.0682167778977198,1
355,-0.2877691503429785,-0.1926184927241278,1
688,0.19797418066567388,-0.24549039454884478,1
5,0.19056802017304947,0.2590176630064103,1
946,0.8643075512564165,-0.5257493208119561,0
1460,0.36632087551412856,-0.6074147954046221,2
706,0.25052026078694234,-0.11973398147956754,1
881,0.6895544557616691,0.06557279001362791,2
370,1.0282431329361978,-0.2367879580375266,0
640,0.2892628969940191,-0.0581300403168427,1
921,-0.4544889652241091,0.9070696028099828,0
820,-0.4287843294094228,-0.5070947394281277,2
861,0.4653303508673217,-0.6550939875040167,2
470,0.27499934265495846,-0.16288985982088788,1
276,0.8675848077598991,0.40292515148769564,0
647,-0.10257762885894449,0.31465010278281386,1
338,0.2660419629532728,0.18070799638949012,1
745,0.08045357079352869,-0.23133656968251004,1
1287,0.392811964323847,0.5396693960152155,2
346,-0.9583937437591334,0.12757708192062273,0
308,-0.20593724960927973,0.2750094189152712,1
1247,-0.6849413905145284,0.08908275703675936,2
726,-0.7346077060154256,0.5259215300583795,0
1481,0.40456284287849476,-0.9247735471238105,0
1050,-0.38326080604911184,-0.6225226366774832,2
16,0.08792424227311985,-0.2939773493693133,1
1196,0.2650868690704006,-0.6622904639737576,2
1262,-0.260285183069789,-0.5787254207408908,2
121,0.28101259555075947,0.08607436352189535,1
1110,0.6233687042336307,-0.13707244617540149,2
28,-0.7555120555693814,-0.6078932780511294,0
933,-0.5020973321035122,-0.4978915513399487,2
1282,-0.6843672711883738,0.060858452856512854,2
326,0.33352253612389937,0.0662681495305195,1
1291,-0.5927299656381275,0.36328854467206895,2
941,0.30617500370418166,0.5888898988071467,2
1352,-0.6685280263577283,-0.24713038106357404,2
445,0.12087572348031302,0.24143531149053776,1
507,0.8072694346724628,0.5765190336123723,0
761,0.16069458165959707,-0.9893997649522402,0
954,0.9313931250592354,0.00666359215854424,0
1121,0.7794575215781039,-0.0944033931743197,2
1155,-0.457868701247239,0.6063260596633094,2
936,-0.1722288354092714,-0.6309071434724405,2
376,-0.19754095850157888,0.22731093672697236,1
1265,0.5469018920833573,-0.37876854697933665,2
620,-0.032514163418035855,0.3693349995488394,1
1414,0.01689257408782032,-0.7155640315842188,2
1467,0.44516289249108226,-0.8979328226432945,0
612,-0.3067197281804145,-0.9354921542635859,0
1294,0.17054679938397932,0.6812277800158039,2
1205,0.1953715486907033,0.6815073503660944,2
1459,-0.9929268695750058,0.360297700826064,0
650,-0.0794371315821797,-0.3064297764950396,1
1331,0.7190949513373422,-0.7658256144841434,0
1429,0.16188166296739637,0.6437862146204585,2
1118,0.6051451304080632,-0.3352254102689452,2
1456,0.5935309232644033,-0.3255097949921699,2
803,0.5987670909334581,0.23070500413952047,2
889,-0.5767081319744404,-0.3653177188469454,2
593,0.864317653142227,0.4434163996585218,0
797,-0.30351875062046857,-0.6041039965310228,2
272,0.12059341225382011,-0.29933214335929237,1
1096,-0.9583937437591334,0.12757708192062273,0
904,-0.012610779985922319,1.015757033978079,0
1449,0.6058521142169844,0.4426002073807071,2
1453,0.7549358114353472,-0.6119635557146836,0
1153,0.5835004143178766,0.4021632784540923,2
35,-0.33864664679141776,0.0360688193098687,1
705,0.11101506152393051,0.2399035042835452,1
32,-0.9953445587176131,-0.1682521292862194,0
484,0.050564448001015144,0.3186674191607598,1
635,0.25520843534335147,1.030594833460109,0
1046,0.9211853031550662,0.16662089825505066,0
1059,-0.6626018619209076,0.1621514161997849,2
1380,0.7463797146935447,-0.06163238180100767,2
176,0.2929061190746175,0.9223149635522776,0
839,-0.49143509168920685,-0.42703604631243003,2
1466,-0.948881852800171,-0.27130064264822606,0
536,0.2122854809841509,0.1524208496958622,1
18,0.06557077643815687,-0.27652999800468764,1
792,-0.5903941480182077,0.8415900845276411,0
579,0.26265422383631987,-0.2102035424317816,1
1217,0.7143303069389799,-0.16142152635801632,2
1304,-0.12664129222777865,-0.728549760635091,2
884,0.6956905731033369,-0.7628132404784342,0
678,-0.12159820110270202,-0.9653969940699744,0
159,0.5373034349810895,0.8677205444565124,0
426,0.19794929754859888,-0.1808197719136575,1
1211,0.0793415844453379,-0.6813391233396289,2
1258,-0.4929878569177676,0.5643160431319773,2
1085,0.6548267805879432,-0.1767564903348634,2
295,-0.23182223481514402,-0.1072518498408928,1
358,0.21809697182588797,0.18942217846238457,1
1070,0.2652667673970108,-0.6303035150946797,2
1381,0.3825921060169438,0.6048863262259618,2
642,1.0024685484865046,-0.00934538672557507,0
184,-0.15448154262080763,0.23189992954866312,1
686,0.26126194827057897,-0.07187314063680654,1
956,-0.9165669090583232,-0.3974720986422749,0
1014,0.6678246868210377,-0.3192462425184069,2
1233,0.7055180260114562,-0.7183441976687028,0
436,0.06653380975787412,0.16472129666775776,1
1239,0.49883438320287193,0.4909989436293555,2
551,0.1801555146488906,0.28326216803485077,1
633,-0.17449222948843762,-0.2272733072804429,1
847,-0.12469960933125959,-1.004633302928899,0
1182,0.6889118837329293,0.6785862234201162,0
464,0.08727640866462144,-1.1117516238391865,0
57,-0.3814882628992137,0.9635822502425381,0
665,-0.32073455417409735,0.06669821988042662,1
1128,-0.03376429385538027,0.7517313210006781,2
1470,0.1911171257210153,0.6506279416814147,2
966,0.4241874698563507,-0.8533934986712088,0
1257,0.8072694346724628,0.5765190336123723,0
196,0.8643075512564165,-0.5257493208119561,0
1100,-0.5124719493226396,0.47582183746248996,2
1259,-0.9485049603400733,0.020137587820369597,0
1492,0.6076939270253405,0.20776578455859146,2
244,-0.8482077309727856,0.5599241455117739,0
165,0.4890911931743204,0.7870886916059268,0
1332,-0.8571366019503559,-0.4307068549551492,0
1158,-0.6973410761557632,-0.028623582217118207,2
1200,0.6018568994724062,0.27910652831420274,2
359,-0.2430777159879936,0.22840739745735528,1
315,-0.13898102874430512,0.3437588136929069,1
1160,-0.9793635043218897,0.03352586941794623,0
435,0.25200268784846214,0.18707838567210275,1
1157,-0.41547322608632853,-0.6547258349489667,2
948,0.15359763010898764,-0.7431392916580597,2
1484,-0.05328943735163512,0.6530753112264391,2
968,-0.09455242095212767,1.132110878670989,0
109,-0.4855301032054044,-0.8411679044388727,0
1086,0.4838969892140291,0.7938041698785269,0
890,0.5462910028596554,0.7910867950650465,0
656,0.3095044420520499,-0.027230301018951214,1
423,0.04187378853222566,0.24461583358489022,1
1402,0.1583748393609535,1.015776474015266,0
248,-0.24392800764420755,0.20755845242683446,1
1195,0.3002290099163259,0.5989718811510433,2
1318,0.21013613286911917,0.747446206144136,2
455,0.0575143794208965,0.3060138073045449,1
61,-0.22134048598428974,0.14588375772304774,1
210,-0.20772964393516874,-0.1562367770039656,1
59,0.11713696190082243,1.0132956192709381,0
364,-0.9989235092972593,-0.17116225982259436,0
1344,-0.6829031832796477,0.2644739750338777,2
1274,-0.6153583455653471,-0.35898995297253344,2
180,0.1834101307747606,0.18648883183832488,1
144,-0.1358510823385718,0.2706603057450234,1
361,0.9638083255982146,-0.4532673355455954,0
4,-0.025876331886523392,0.2791486446672195,1
827,-0.3498237331613174,0.9390631960652012,0
583,0.30620941911769783,0.23036321296276452,1
964,0.14273436183270372,-0.6771206427698934,2
90,0.23911831726561916,0.1944262052985329,1
1088,0.5644184211229456,0.4471127433631908,2
7,-0.2892013483759626,0.027467371316849384,1
1442,0.028725337464273464,-0.7098928465709167,2
503,0.000728815851408382,-0.31531828123704797,1
743,-0.18704864364495005,0.2664651448163736,1
333,-0.9950971259218322,-0.4428354054036724,0
461,0.049210862234164626,-0.28247556323538336,1
697,1.0570384042666827,-0.17032194914861465,0
468,0.10315967775356176,-0.24159606245689527,1
662,-0.13967051439458408,-0.251465509453822,1
811,-0.5163457329275593,0.4160168809714575,2
460,0.9306608024937492,-0.14524326212457045,0
425,-0.022157119000495155,0.31431615562342496,1
920,0.6544149856648628,-0.22440950817156258,2
845,-0.6766598521160045,-0.02310461288310401,2
799,0.4052806642559525,-0.5875235221803486,2
725,-0.15995818428655686,0.2629212721525973,1
1315,-0.270733369098636,0.5852087189120193,2
992,0.5207079412822674,-0.8733580585124903,0
714,-0.049687755519172504,-0.32520393530152986,1
652,0.1583748393609535,1.015776474015266,0
273,0.9459042597431799,0.19423191422738928,0
1275,0.6710963904587846,-0.012453077729698774,2
1425,0.9506131252066257,-0.30599747384196485,0
1092,0.6054856240764843,-0.35722868007882674,2
1280,0.578524024040045,0.35264740273291384,2
1073,0.7672966604714461,-0.6393519683216784,0
1041,-0.7209722009871182,0.2719531918498369,2
644,-0.6808584876528924,-0.6253781861955178,0
442,-0.03401041699653576,-0.9873618496250658,0
1131,0.24967872857916645,-0.64842829469998,2
10,0.3029806423838594,0.08570480859430626,1
65,-0.0013109178980734992,0.37216128640102153,1
52,-0.04048878288757909,-0.2729969561605131,1
55,-0.20455739472805895,-0.19230035455987837,1
1298,-0.6016681878724299,0.4040797235993872,2
840,0.56853135631699,0.42133378494923546,2
1031,-0.5741845478033909,-0.33375285411246614,2
401,-0.7357572556145109,0.7503172470500252,0
974,-0.4977207955156195,-0.865636676084575,0
218,-0.09455242095212767,1.132110878670989,0
303,-0.24487146106413504,0.12997533700261474,1
216,0.4241874698563507,-0.8533934986712088,0
1177,-0.0899165290410595,0.7512259476957474,2
1397,-0.25448926706766495,0.6846809855165971,2
193,-0.24911552532913941,0.2252456351479216,1
496,-0.7567166738176353,-0.6888335341705694,0
499,-0.295655065439751,-0.9304702629795059,0
909,0.5373034349810895,0.8677205444565124,0
1496,0.9801037130931708,-0.2585832903451587,0
1261,0.023813415123372227,-0.6700519526902972,2
680,-0.5271511022063854,0.892564308173206,0
663,-0.27513799580890513,0.002985626861238863,1
929,-0.006979262750030253,0.7045930848180273,2
1040,0.6368845315518545,0.25787731210759357,2
444,-0.20202789207585736,-0.1869386641472043,1
529,0.9991319023754845,-0.03253312761403518,0
860,-0.5454658611219881,0.4944288223309124,2
256,0.41256700053093165,-0.0602347444233792,1
1339,-0.13512736038714326,-0.6540957118228774,2
516,0.20408621436457178,0.2210833241705031,1
302,0.14803999785810038,0.29744525743077094,1
173,-0.05804286201122766,0.32050225822543144,1
1107,-0.08197525287549527,0.736942775755114,2
728,-0.6139280053502614,0.6636941344776695,0
81,0.01787969250656648,-0.38887503236159315,1
521,0.19717978053254964,0.9527767267576995,0
73,0.4637314067448992,0.9409906238873219,0
1416,0.043938199665864874,-0.7525638194748888,2
659,-0.34294517139161296,0.09712985519019623,1
1324,-0.6572561422123772,0.3219835024251125,2
367,-0.2480850662021869,-0.12539284956326197,1
573,-0.32473916003184305,-0.9182603850766498,0
1162,0.2514884425710143,-1.028926806877281,0
841,-0.5141396586843662,-0.44846249336547694,2
883,-0.2027401215879972,-0.6358851374689104,2
1244,0.497576282208667,-0.5466048844802244,2
1333,0.6702518073916961,0.39611344536007814,2
876,0.6552593543792549,-0.39467563374028997,2
380,0.09935614319689648,0.27105034929391586,1
1292,-0.6941985074519015,0.2407224463682806,2
825,0.6557275406903744,0.10520895396392985,2
829,-0.10423207816093838,-0.6747945947165287,2
712,0.22489064721014862,-0.25267627920468017,1
495,-0.3027132125216652,0.027760097000101087,1
1080,-0.1703596751213645,0.6712116182733904,2
535,0.2520518898482783,-0.1256453138086439,1
795,-0.6098902783167687,-0.42514762015392815,2
750,-0.6067833797851089,-0.2836506819838428,2
372,-0.22000123034334707,0.24462908735298486,1
1225,0.47097299846422874,0.49787551872449304,2
252,-0.27697932604135306,0.16758607456415892,1
67,0.05016544378768058,0.22263582967080658,1
1136,-0.29809811307273404,-0.5907499094033777,2
1238,0.4616645441604177,-0.5675472833575549,2
408,-0.2998965519477599,0.016518971732274443,1
600,-0.27341191013925575,-0.11809673693749866,1
1097,0.9015909439588733,0.5019171511537383,0
989,0.9933044648806998,0.17272336649066106,0
708,-0.27778929700019034,-0.12050539209530144,1
164,0.6179295050734934,0.7483947063100851,0
739,-0.35444775682415575,0.09272116022088568,1
1006,0.8063927343426138,-0.13024396801348959,2
578,-0.9029744512043194,0.2133532792453251,0
1117,-0.5716918639521658,-0.3605069504802513,2
1435,0.6951713493209873,-0.05338492120611331,2
41,0.02103092396240666,0.2577512658792527,1
305,0.3345653887576129,-0.1088669822275877,1
225,0.807334960854567,-0.514239219724226,0
264,0.2997319478746896,-0.16269677578352587,1
1388,-0.606391041989701,-0.8038281395532323,0
257,0.21375250306814012,0.1776437266059152,1
1112,-0.6969298278490015,-0.010228839160963933,2
1019,0.6630342708761243,0.22186922429255734,2
405,-0.22683961987833187,0.2797903593764359,1
828,0.07622657849449704,-0.6974218874737679,2
291,-0.3548757319387512,0.11079061756437186,1
984,-0.3577102041464481,0.6470766599642693,2
350,-0.21409549115296678,0.20941709048878931,1
1147,1.0091028676263425,-0.04557420690680638,0
1078,-0.5364408118349434,0.42176440982155616,2
463,0.19149017142466518,-0.25843570632263907,1
116,-0.19218342219680576,0.23461256515683604,1
767,-0.6908761506837817,-0.1549578030757886,2
2,-0.2530923157913113,0.13163201963222798,1
237,-0.5606722056084157,-0.8473079601696709,0
1008,-0.6498001171356957,0.09282804477849145,2
1401,-0.09316310557104568,-0.9737567206919183,0
1119,0.8449395096771048,-0.45527656360401775,0
1451,-0.4768286058912655,-0.5461960009021016,2
744,0.2831367669225891,0.06969034139052827,1
459,0.08773590655777122,0.2514578312183266,1
391,0.19051818651738067,0.03531810330761395,1
1023,0.9459042597431799,0.19423191422738928,0
483,0.7055180260114562,-0.7183441976687028,0
429,-0.05188951754085645,0.2561635918606689,1
1372,-0.6586140026695801,0.7010147740534228,0
251,-0.9522114155609989,0.25388045653083063,0
1207,-0.6562993646303105,-0.24015702266923286,2
649,-0.030307450711101018,-0.2768976118717175,1
56,0.8236727490524496,0.489195490343835,0
972,-0.43200301347353365,-0.6649332910983794,2
1235,-0.4056280621427001,0.6213568034201079,2
465,-0.2850063223990225,-0.07626670245975983,1
201,0.22317843710230667,0.19313588364159184,1
1364,-0.5044058707675303,-0.7249744792322365,0
550,-0.032642429956026765,-0.3365084161354649,1
245,-0.16218352635902547,-0.30294436887274073,1
752,-0.6083468953167291,0.31546396388082315,2
1228,0.1959748047514132,-0.7279691187730243,2
1069,-0.14815268373768178,0.7158227537249124,2
527,-0.1016097114488051,0.29545912038509275,1
1307,0.678057613587362,-0.07074267959557674,2
200,-0.31653659605254153,-0.024620031429205262,1
1368,-0.5119965565406169,-0.8811704595634573,0
105,0.12420060011889741,0.33936543250702994,1
1030,0.686203840171156,-0.23480629062704894,2
655,-0.9852376391490696,0.3295859913575686,0
1431,-0.4843261262724492,-0.5203314641684663,2
546,-0.23963184955816016,1.0061998413229654,0
911,-0.9516856436412346,0.24229082921121925,0
1320,-0.6619788407921994,-0.2328255923480206,2
441,-0.40334430412520494,-0.8337184059177571,0
804,0.514600122702641,-0.5410593082877152,2
437,-0.08643506245943203,0.32852612117651836,1
1074,0.6972109571983748,0.05043479920207566,2
925,0.28823113661646693,0.6186880208111003,2
1060,-0.08168467061986953,0.711867107340808,2
759,0.5661278752259365,-0.3157849285691514,2
1093,0.9636873834879046,0.2824578732397383,0
108,-0.9350331064013303,-0.28158201385785037,0
22,-0.2878418875974455,-0.05982781080731772,1
229,-0.17553549500801943,-0.13227314783558056,1
135,0.2081224655814666,0.18929856717426374,1
386,-0.1369355387872689,-0.22465344035501073,1
1365,-0.7596882634126775,0.6456377908802029,0
1206,0.48704453112692997,0.8515188750262138,0
421,-0.8714359349790811,0.4419898795315152,0
768,0.02542609049767086,-0.6745104047972077,2
676,0.251512947823593,-0.262233045341708,1
488,0.20669494826094173,-0.25934198624723936,1
1165,-0.15485996752959016,0.6716822717776038,2
1181,-0.33446364837805614,0.8545670348662071,0
1357,-0.6810394515396521,-0.7256098410734324,0
1106,0.11751924809393269,-0.9886753864111435,0
1272,0.30108777080130467,0.9433630399250057,0
737,-0.22832268290200286,0.17172547392493037,1
771,0.9811316965773318,0.30105905224324414,0
1430,-0.5271511022063854,0.892564308173206,0
577,-0.032864866064332844,-0.3857897248668851,1
709,-0.9929268695750058,0.360297700826064,0
1297,0.7101122394756787,-0.7033555204963228,0
932,0.6777946775173417,0.19706490520110995,2
1338,0.633680897992616,0.2111920607137184,2
452,-0.9963207901358979,-0.28944191506617195,0
914,0.6179295050734934,0.7483947063100851,0
383,-0.24623962455829307,-0.20030156323622625,1
648,-0.31704935086028785,0.18207949727378345,1
112,0.29533665577445306,-0.040731413011363786,1
671,-0.9154960439040538,0.4603846234705026,0
877,0.5844284458559651,-0.4033604709328926,2
1250,-0.9932755865845909,-0.13683665043757992,0
191,0.1313286970438085,0.2291277981805983,1
170,0.27892144260331314,-0.08655233890175587,1
313,0.3829200779083776,0.05205104263905542,1
85,-0.7443510039413388,0.752850132174718,0
962,0.6768444777415344,-0.09261240428770223,2
740,0.1526129473472725,-0.29024204956133376,1
205,-0.5137504540101939,0.8700220036718157,0
1101,-0.9545828126250895,-0.028322902363703738,0
755,0.48215547114161406,0.5328365053778858,2
420,0.8324911977734463,0.4145921994675892,0
122,-0.6963803987551874,-0.639090181706147,0
409,-0.07369194536123362,1.0732548377716082,0
816,0.5691674493862471,0.7632609758935296,0
569,-0.14454396779853074,-0.1597213037219626,1
103,-0.2638994226972695,-0.15154742759079085,1
120,1.036092474680461,0.2941917485074231,0
1276,-0.735500370175927,-0.17645933001940572,2
807,-0.3814882628992137,0.9635822502425381,0
1384,-0.38011270802287617,0.5636430098777013,2
1336,-0.053839929349111165,0.9712189753894476,0
1485,-0.3505318228653837,0.989257431280129,0
1269,0.6407541277031076,-0.2551954046850077,2
149,-0.9869075861317498,0.06772561570788223,0
1010,0.6357966237593872,-0.8257392046898238,0
192,0.9337239609956108,0.46904360075113627,0
584,-0.8538719647243592,-0.4814166686600715,0
1367,0.21225877496860146,-0.9859357387260141,0
433,-0.2031204589074313,0.24953536740945287,1
234,-0.16061926752713154,0.299003158096459,1
246,0.9624107839357345,0.2900078102509033,0
724,-0.03563261789984887,0.2723924071238925,1
859,-0.4855301032054044,-0.8411679044388727,0
1108,0.5611076343033489,0.3951979919749872,2
702,-0.3104346324013353,0.08696357636409394,1
730,0.29815475702828265,0.036605120241641004,1
1224,0.6255182892032546,-0.3078297671022051,2
1306,-0.5826989107524069,0.3606982732818251,2
950,-0.7164102717658615,-0.03467206960654029,2
1223,-0.7098141797702593,-0.03561038810213208,2
486,-0.09160691869502846,-0.269617709768698,1
217,-0.9012418142935232,0.3346279333458774,0
581,0.7190949513373422,-0.7658256144841434,0
632,-0.3105451909351547,1.0237361909312144,0
1018,-0.41574719720846787,-0.4677976417666306,2
76,-0.30752641110545187,-0.10690952165968745,1
1263,0.37771380486533046,-0.6086975554624992,2
1004,-0.7202759668732995,0.02335829832387934,2
1403,0.5646667532358182,-0.81070357027117,0
1415,-0.7191879978313663,0.10183869850072387,2
621,0.06463503441812452,-0.9726446211751116,0
271,0.11846494231844837,-0.25419432655230123,1
344,0.2645243482947111,-0.293711400699341,1
1076,0.7233332852385302,0.15597645391027196,2
870,1.036092474680461,0.2941917485074231,0
325,-0.8495899638172042,-0.25811885551442404,0
88,-0.7649456191556101,-0.62008548381803,0
589,-0.04541905600739066,-0.2642849627082465,1
587,0.28856573947337166,0.013011820993196043,1
155,0.24755095534732102,-0.12361560150290012,1
1448,0.40620674708001453,-0.9956922149710912,0
1215,-0.6748170715136533,-0.16597500683951233,2
378,-0.008648086043654909,0.35252062962936953,1
672,-0.15179528176841164,0.2902851764559,1
174,-0.07417597706244868,0.3402714629721735,1
696,-0.0032190644180946047,0.3319107531893388,1
944,-0.1413886115302477,0.6327833835729911,2
930,0.4144392121436676,0.5130245321251985,2
49,0.1742515828870456,-0.260987821893475,1
403,0.24576924411707066,0.18783256046249364,1
23,-0.11310220117175546,0.20401642404965314,1
17,-0.30222345751791213,-0.06035820426629872,1
26,0.7921518787552946,-0.6096586898676792,0
417,0.3860883648486582,-0.8943035710846005,0
791,0.11073922834215912,0.6475620149938836,2
413,0.3328840198224118,0.08786998243125461,1
1305,-0.09695253942779496,0.6286596364219516,2
115,0.0655716882525947,-0.24571691672940427,1
86,-0.18592615412721594,-0.16555947793336978,1
489,0.21777439528333228,0.20638467274564137,1
374,-0.7338280247269617,-0.540668634172823,0
991,0.9852912934710547,-0.3577562722215035,0
1322,0.8390278807992788,-0.46188322570030343,0
835,-0.7443510039413388,0.752850132174718,0
322,-1.013077107513177,-0.3309332453167545,0
1436,0.6210240488971274,-0.24671944729717954,2
1487,-0.5763961847698131,0.36881641054424696,2
171,-0.4544889652241091,0.9070696028099828,0
1241,0.0313514502079687,1.0129112266496134,0
1027,-0.5670579521986551,0.8829137172028968,0
119,0.030923908593395846,0.3070883641898279,1
42,-0.5903941480182077,0.8415900845276411,0
1109,-0.5480547203925727,0.48722978208513296,2
1423,-0.6862369224071576,-0.20063516703850098,2
1375,0.2280292455948499,-0.6820770171558717,2
1433,-0.5703117729623549,0.3669225872716957,2
479,0.05906675766390622,-0.3012512929972651,1
625,0.08546449410954954,-0.30834544017322685,1
773,-0.26035202224562665,0.5759270184049536,2
549,0.23305413314916862,0.9708417274241676,0
1347,0.5918622347765928,0.21312833043497456,2
1056,-0.4911954101948528,0.4263347334318041,2
253,-0.23139336228222546,-0.2145259542166058,1
1159,-0.07369194536123362,1.0732548377716082,0
1270,-0.5457056207682731,-0.4985626044195988,2
1002,-0.6298958166153343,0.35586764743029187,2
6,0.8096309623338738,0.5161521488248778,0
204,0.9313931250592354,0.00666359215854424,0
498,0.6459444860766187,0.8115425156672939,0
185,0.14707376078720275,0.21341654714235148,1
1221,-0.23513468973864496,-0.967364481110824,0
1035,0.33500123761033945,-0.6405621094652165,2
800,-0.8221101183353555,0.5598690482993307,0
77,-0.3498237331613174,0.9390631960652012,0
1461,-0.2817486227898193,0.588338706722832,2
131,0.29157404896914896,0.02542810407314195,1
54,0.22998585181892678,-0.2599993203681756,1
844,0.8669990355107509,0.6676198415432985,0
363,0.16299349409483782,-0.2852800939893583,1
940,0.21593696476104624,-0.6330427589955876,2
466,-1.0067523871465083,-0.1030998120907372,0
1140,-0.5375766311669014,0.3753976016689914,2
852,-1.0201281538616227,0.243654655172699,0
1141,0.5834330868088562,0.11027062914190379,2
377,-0.7916901496738227,0.6430396796740614,0
1021,0.3370226810121561,-0.5892055425691578,2
443,-0.021538207915462716,-0.34621335391496266,1
138,-0.15913381580810823,1.0000112712358398,0
1199,-0.7060675257638648,0.2978216138360293,2
281,-0.21892996827797304,-0.14992090986387102,1
1483,-0.012100331850079086,0.7234025812381153,2
311,-0.3349408574578225,0.9215332105250797,0
282,-0.396097718572773,-0.8997976917908701,0
1359,-0.41627354385876986,0.5928456417371574,2
270,0.10572998817620739,0.2581199043015389,1
1184,-0.5630453138387036,0.7779444162833755,0
934,-0.3202317750181213,0.5959423178226614,2
419,0.2077469877723061,-0.211952828312309,1
518,0.21581481200373728,-0.0916491087007578,1
619,0.8378101495109026,-0.6289389750110217,0
1245,-0.6956281128131407,0.10271262283439092,2
263,-0.13905917457319963,-0.23696026845630785,1
37,0.22742792480120713,-0.20348001778670105,1
522,0.30108777080130467,0.9433630399250057,0
736,0.009876579208375966,-0.29607357899241166,1
206,-0.9165669090583232,-0.3974720986422749,0
901,0.7132514245681025,0.06343361342531378,2
449,-0.3379747868175167,0.14127214710114835,1
1175,-0.10695996296931701,0.7052234050507024,2
1360,0.9036220356112249,0.43724864516134987,0
896,-0.6590979595403974,-0.13535071348592237,2
882,-0.33506374906368297,-0.5638765146241189,2
1052,0.35381581137070295,0.6404559199082319,2
645,-0.038108077195178336,-0.9899635348546647,0
238,0.27517082763447165,-0.2209924254861472,1
394,-0.9852688717052092,0.011054827384627833,0
1267,-0.689572370597311,0.24636608827510714,2
1290,0.6628794216237776,0.21543843659656556,2
1314,0.7458551408213306,0.6808687887994538,0
1478,-0.6139280053502614,0.6636941344776695,0
1399,-0.11019144291686386,-0.6688396328254161,2
517,-0.30476130196287665,0.1371853140681771,1
998,-0.6176595846268523,0.35012320391213475,2
834,0.2671750715074339,0.6451354787815585,2
1232,-0.8622321227685188,-0.48596260539991365,0
602,-0.29133181200058256,-0.1140025632543794,1
1445,0.5384210628857753,-0.4139073634408305,2
1323,-0.32473916003184305,-0.9182603850766498,0
677,-0.15317631357456232,-0.9905997349106378,0
912,0.6475689431016431,-0.2434510662497649,2
694,0.26059259437782684,-0.21655559278475012,1
504,0.13290673437787193,0.29651365802298035,1
233,-0.19132068125602264,0.18751818881735208,1
1095,0.03807582825658004,-0.6874876550208248,2
842,-0.486541415967169,-0.4893410163528048,2
1249,-0.295655065439751,-0.9304702629795059,0
812,0.22148254782882948,-0.5791976968444601,2
1130,0.15447225947075166,0.6672349195725763,2
959,0.6742914766044081,-0.23239719053292207,2
1256,-0.8813734910436246,0.4157132759329752,0
241,0.9852912934710547,-0.3577562722215035,0
1091,-0.4921473167544912,-0.5675687246606479,2
331,0.3042339608436515,0.967121092344064,0
278,-0.21823854989735106,0.13532487067931928,1
1411,-0.02369952588677994,-0.749103320536235,2
1048,0.6532062578992285,0.3225000405846779,2
1404,-0.7886786255784191,-0.4631439714592131,0
741,0.3051716268960828,1.0078406659712504,0
324,0.29875751354110586,0.01529432058177839,1
611,0.3054076891278729,-0.16708187667596494,1
1443,0.5265391542393524,0.49617732697269307,2
651,-0.09316310557104568,-0.9737567206919183,0
806,0.8236727490524496,0.489195490343835,0
1017,0.6307247224010742,0.8650878983571679,0
1285,0.5504283480179512,-0.3920500607823446,2
1308,0.6401668918673826,-0.3435391039142038,2
412,0.2514884425710143,-1.028926806877281,0
231,0.13278078825332568,0.1465360476464429,1
1189,0.3157025733669737,0.9105341228456323,0
428,-0.2892719288158345,-0.15654346761402194,1
1218,0.31322952973808,-0.581993855174772,2
384,-0.16260403620528058,-0.27684652880079136,1
813,-0.6609010030821623,-0.7346585421269138,0
497,-0.2880955099887372,0.03894946361103773,1
1489,-0.7316439711813014,0.22584897803008028,2
132,-0.18315211085496255,-0.19384563189033577,1
1441,-0.39274604158012194,-0.9515211818385823,0
296,0.9211853031550662,0.16662089825505066,0
262,0.18792994415838868,-0.26015749209028033,1
1439,0.5772948382640273,-0.4087911343274496,2
509,-0.9485049603400733,0.020137587820369597,0
1299,0.23305413314916862,0.9708417274241676,0
571,0.49124875441103344,-0.8148083123393068,0
348,-0.07515168676519271,0.276140945846095,1
95,-0.2782064084587356,0.012035865737193324,1
738,-0.1678829111525432,0.29225494450195755,1
916,-0.6800095288901071,0.1530196218665417,2
1164,-0.2174585204826776,-0.9525631900156905,0
1220,0.6302539221803763,-0.346721804069483,2
1408,0.6378179404425444,-0.24738907422097323,2
703,0.7549358114353472,-0.6119635557146836,0
1246,-0.7567166738176353,-0.6888335341705694,0
638,-0.606391041989701,-0.8038281395532323,0
893,0.17776059955767196,-0.7284730880514797,2
660,-0.6200480904287037,0.8058485579158589,0
952,-0.3876637979473676,-0.9292571710146662,0
1144,-0.9852688717052092,0.011054827384627833,0
1237,-0.46663073656508247,0.47837684276907033,2
434,-0.5630453138387036,0.7779444162833755,0
1161,-0.009196020393911986,1.0424234937781363,0
609,-0.17711155063576228,0.2722188477888068,1
720,0.07710942073302485,0.26721922607446436,1
794,1.0089185984633107,-0.23199953797137013,0
658,0.25587212254388714,-0.12857244159015924,1
1146,0.6338535599036625,0.08035895883662297,2
531,0.7258796106506206,0.7076976440572468,0
631,0.1598418594216687,0.2726479665476368,1
79,-0.03422285457082801,-0.2809688609048465,1
520,-0.22507882681992256,-0.2594006111965913,1
863,0.8396188949983595,0.5207420660344021,0
519,0.2619148057052098,-0.12681796076212407,1
66,0.5691674493862471,0.7632609758935296,0
673,-0.3181441834608096,-0.04408570030361997,1
892,-0.6858468193760235,-0.08620479578601793,2
1337,0.6847503097520321,0.06812793726705127,2
1058,-0.36709982389474477,0.6411058879636382,2
1302,0.5359350489010953,-0.8303716997779061,0
537,0.17425422563013943,0.20465817999835878,1
1424,-0.6842918851456546,0.13229769744761044,2
1475,-0.3700280362710752,0.6033190648704739,2
831,0.08788891609667704,-0.7827007661732752,2
997,0.3968191072071946,0.5962938157061171,2
855,0.2525780440417812,0.7182047545049276,2
492,0.7648981152479696,0.6991982752997321,0
897,-0.1918980765099554,0.9341264342445317,0
617,0.21225877496860146,-0.9859357387260141,0
357,-0.031841959449773534,0.3400968952293229,1
805,-0.45170123996419254,-0.5068157274145261,2
317,0.273819116941474,0.17502993587467058,1
971,0.2569413646823771,0.6028747885360457,2
1013,-0.3741732754901889,-0.5605670662062868,2
1335,0.6675679373760873,-0.1326251436193631,2
711,-0.09346704992368628,0.23542221614885056,1
399,-0.09994031389575912,-0.3062238432064034,1
545,0.11033395745155615,-0.20208206739615459,1
179,-0.032095470561755574,0.3053823934467187,1
1391,0.17795805481934804,-0.6936009942834741,2
679,0.06240570810145449,0.25635295016900606,1
872,-0.6963803987551874,-0.639090181706147,0
72,0.21017527679841314,-0.057237475871784085,1
148,0.6992101120979641,-0.7622683488808306,0
220,0.08274669977855086,0.24787001347233983,1
1271,0.19717978053254964,0.9527767267576995,0
1342,0.025600521964459798,-0.7477310261870586,2
931,-0.19331358081160663,-0.6906335183792733,2
298,0.30763689102209435,0.12105075993037363,1
329,0.4005925783191245,0.9563036121140617,0
439,0.3157025733669737,0.9105341228456323,0
1349,0.48303230087720045,0.8855910483896944,0
1395,-0.038108077195178336,-0.9899635348546647,0
1316,-0.6717353690268516,-0.04085575582086124,2
723,0.09377236678282788,-0.3195668566422965,1
339,1.0120825246372591,-0.2286175493693147,0
397,1.0091028676263425,-0.04557420690680638,0
1242,0.7648981152479696,0.6991982752997321,0
850,-0.5641487859387935,-0.41097318482725925,2
1363,0.2844995076292422,-0.656287566044796,2
1083,-0.9950971259218322,-0.4428354054036724,0
1033,0.06475202905068927,0.6201137175880145,2
1111,0.9638083255982146,-0.4532673355455954,0
691,-0.39274604158012194,-0.9515211818385823,0
1062,0.5959737442828833,0.4525373778200043,2
1464,-0.06978548279108021,-0.7246987179439369,2
1296,-0.23963184955816016,1.0061998413229654,0
780,-0.6899915097216822,-0.0396612608606495,2
1151,-0.7357572556145109,0.7503172470500252,0
3,-0.21393732366523716,-0.105387176341927,1
354,0.32868080104635583,-0.8513904191385298,0
212,0.283929577450059,-0.017659878453412353,1
406,0.032284039060994335,0.3363906054851737,1
178,-0.23628030376301715,-0.08670730750461994,1
186,-0.024979014335400285,-0.2589965491171399,1
139,-0.24169691595758372,-0.14675998015323785,1
866,-0.47324341011634535,0.5192268360405502,2
878,-0.8402124813720064,0.48474693681897457,0
505,0.3964423492493301,0.039764209767516726,1
1138,-0.9944074603095173,-0.04908363916679555,0
786,-0.6988859988185234,-0.05605354806895661,2
734,-0.008146883402242452,0.25563078701843583,1
1122,-0.4901343535917569,0.5396343342962544,2
888,-0.15913381580810823,1.0000112712358398,0
284,0.010913872209384261,0.28684061292353036,1
958,-0.04157000814059317,-0.6935105419320484,2
169,0.10586559797840608,0.247640591604608,1
1428,-0.12159820110270202,-0.9653969940699744,0
288,-0.22564788437029581,-0.1877074865777291,1
44,1.0089185984633107,-0.23199953797137013,0
130,1.0426979062947692,0.09332019098423254,0
1468,-0.6261623721459232,0.22231615590727274,2
141,-0.3476725791941704,-0.10048036609685009,1
684,-0.7883795549529095,-0.7078829009772285,0
955,-0.5137504540101939,0.8700220036718157,0
469,0.1648429611870617,-0.252357183275406,1
567,-0.2258535553056979,-0.15339579651252014,1
327,-0.11431023368341561,-0.28096025278622894,1
481,-0.18578688450231692,0.15115394155922252,1
1385,0.25520843534335147,1.030594833460109,0
75,0.26482029126309703,0.020406109995108022,1
1187,-0.14155117873328724,0.7247106914551789,2
415,-0.05052336501363143,0.2855296162442943,1
935,0.4134785077609034,0.5117930053120243,2
947,0.15595459000644396,-0.6101616079269092,2
1077,-0.25687498516871576,-0.6546918297688737,2
323,0.7672966604714461,-0.6393519683216784,0
1255,0.7911167269324773,0.10481907584547015,2
62,0.06957090962010888,-0.20916681411067697,1
778,-0.7555120555693814,-0.6078932780511294,0
1156,0.10229326265110474,0.7302163392968558,2
287,0.2317281640409013,-0.22122708757985787,1
292,0.1455538956240804,-0.33597482836391324,1
788,-0.23608874563438403,0.9164587983940948,0
424,0.823744196891813,0.6309561800746781,0
153,0.15842800618520017,-0.22259034766920785,1
582,-0.8571366019503559,-0.4307068549551492,0
1179,-0.09203420348134245,0.654143998653189,2
177,0.8370259145603638,-0.5266584366027164,0
592,-0.009539956655837342,-0.34927758252978963,1
113,0.8396188949983595,0.5207420660344021,0
775,-0.7792249018338715,-0.6335313765986476,0
1264,-0.14338344713045237,0.7123040614367997,2
1208,0.2761390484096115,0.5903603737381141,2
685,0.2959606579496788,-0.02826871339438801,1
937,-0.4105874757794506,0.6015388050265583,2
887,-0.8677670729945393,-0.40845963883928427,0
809,0.11713696190082243,1.0132956192709381,0
963,-0.6388916089498305,-0.25185234196452994,2
710,0.14357062891885325,-0.2751764357262971,1
1043,0.044803972760279386,0.6848284220823349,2
319,-0.07814346014757133,0.32199701991323026,1
1260,0.6589269802050077,-0.10563570336464148,2
597,0.21302291277869523,0.08475088651209078,1
588,0.24752824245930646,0.10685545819775964,1
328,-0.2128340140849645,0.18665030890456685,1
857,-0.3208861624024388,-0.8549518074538173,0
1167,0.3860883648486582,-0.8943035710846005,0
487,-0.2155541920488024,0.16699192214226105,1
1334,-0.8538719647243592,-0.4814166686600715,0
942,0.9337239609956108,0.46904360075113627,0
1376,0.27538870102553425,-0.6719394037504667,2
1479,-0.46800918107222234,0.8479133506783937,0
765,-0.3358389162663363,-0.5466357093644636,2
879,0.6488453206943535,-0.04575008927773719,2
223,-0.1178178106921314,0.2830325084588597,1
1312,-0.20474422292025188,-0.9579838529061863,0
818,-0.65286887687262,-0.21952277140586823,2
126,0.30718585251144465,-0.19758469712097326,1
381,0.08392849618185283,-0.28438590642598166,1
320,0.09042046073663765,-0.27054141446813135,1
1053,-0.5953941330816804,0.3226768066433008,2
124,0.07542782292862803,-0.3033749176381858,1
580,-0.30294542131991914,-0.14178967257753955,1
1066,0.5140285704552625,0.29353835361520925,2
1309,-0.6194241374010451,-0.3055657614014261,2
939,0.7635271181164636,0.6504094516034676,0
1068,-0.34871798341826793,0.9171112843239418,0
387,-0.2881397719973446,-0.03116997454220065,1
274,-0.22570993568088593,0.20032643517551232,1
1016,-0.6717230942380884,0.12790303317324161,2
1049,-0.6185903391367539,0.8282524892653964,0
1293,-0.13728447442237687,-0.6273023322116547,2
70,-0.15496548703794738,-0.2155072884595631,1
543,-0.07222960834442353,-0.2326279545285074,1
290,0.28396804097787326,0.06959573924146054,1
1152,0.37465034229324107,-0.9556785206116255,0
905,0.6175818380811042,-0.2755272397116206,2
552,0.5359350489010953,-0.8303716997779061,0
1374,0.6651228706593014,0.28235103980853204,2
1102,0.3247382459860959,0.845813807922071,0
368,0.2674139602072571,-0.12089469227734667,1
341,-0.2220141935060815,-0.2725634777173783,1
493,-0.11040655827631235,-0.3152764593965513,1
1024,-0.5031712580060079,0.488450045130675,2
970,0.23929616651343177,0.6159627524186879,2
753,-0.5927766456631348,-0.23376462026481076,2
1036,-0.6075962673904388,0.09705083033168904,2
717,0.44516289249108226,-0.8979328226432945,0
1197,0.1708219066010519,-0.6155891736681002,2
447,0.09586938076676185,-0.2226742733766247,1
400,0.5788177158940366,-0.8260116048334503,0
976,0.025281061180305493,0.6964427719399616,2
78,0.02111046222064178,-0.3012373171951074,1
695,0.2367205105913338,-0.15127306113964795,1
907,-0.5351913744636955,-0.4035947878527281,2
1126,-0.4326550594185681,0.5509177344769512,2
1482,-0.8713548071690681,0.5032949216245641,0
43,0.07439261125249211,-0.2624279986880346,1
92,-0.20908009364204708,-0.20121740639764202,1
151,0.31779072667293695,0.00334337777701095,1
899,-0.9869075861317498,0.06772561570788223,0
636,0.005707381340783132,-0.2730274007574469,1
1495,0.16525641476235048,-0.6222438191097874,2
1226,-0.22841154078878492,-0.6227329815249141,2
1295,0.35350607652939825,-0.5196782268552886,2
1180,-0.3471854781874412,0.5437305631487869,2
1413,-0.6748537848651408,-0.012090446206735031,2
1463,-0.34396767860448424,-0.5981276229482189,2
312,0.2845888236560739,0.20146083330372408,1
48,-0.08611399876901529,-1.0246459426190881,0
793,0.134482846900795,-0.6578886965832003,2
742,0.232200383963791,0.06990861528878464,1
1350,-0.6111430803400617,-0.3324274549290973,2
1012,0.47951739512695335,-0.5339763344617556,2
693,0.2315339072960829,0.2260442037242833,1
1396,-0.6765381518325183,-0.15450936201228233,2
12,0.2585331615133209,-0.01726999500889283,1
221,0.09577879039691209,0.23677831948767875,1
1477,0.6452989357481306,0.3680035824615041,2
618,-0.5119965565406169,-0.8811704595634573,0
945,-0.5708877731645948,0.3328672934163327,2
1409,-0.7367709052032951,0.16713907878030657,2
337,0.23647268056419823,-0.0011362525641908025,1
1150,0.5788177158940366,-0.8260116048334503,0
1317,-0.5552665943570688,-0.38030337616322274,2
1273,-0.8928499059105873,-0.3978562889667061,0
681,-0.2332495817561691,-0.20894654354165693,1
1248,0.6459444860766187,0.8115425156672939,0
885,0.5257186250406007,0.4324706862521059,2
1279,0.9991319023754845,-0.03253312761403518,0
1192,-0.03401041699653576,-0.9873618496250658,0
1005,-0.2676787212544812,-0.5789163845381966,2
416,0.06287881887757776,0.3510331269334831,1
1135,0.6320782720664835,-0.27923860697468833,2
1455,0.30371653116461667,0.5904261763010906,2
969,0.5135826776086323,0.8283171345164927,0
1079,0.4005925783191245,0.9563036121140617,0
454,0.23700684514969156,-0.9912973815120949,0
1203,0.6273218249472009,-0.24145023336292662,2
977,0.07233441173220526,0.6749575394672632,2
1204,0.23700684514969156,-0.9912973815120949,0
83,-0.18669661379866456,0.22439370554539523,1
826,-0.6736228801538189,-0.2680720959451526,2
596,0.20756697216300873,0.14857620718298023,1
919,0.3490377170562482,0.565236751063742,2
1457,0.5218414982405432,-0.39397379786147924,2
1289,0.7577898679062925,-0.026446321821786876,2
1486,0.034992787020101446,-0.6952842703637202,2
9,0.20208548695193837,-0.15003469617183768,1
782,-0.9953445587176131,-0.1682521292862194,0
979,-0.47054074195128903,-0.4024062710839903,2
294,0.29977995349767045,-0.08418872116756212,1
716,-0.948881852800171,-0.27130064264822606,0
1369,0.8378101495109026,-0.6289389750110217,0
187,-0.19202973708574303,0.2665275890097017,1
1356,-0.7661889772022041,-0.04071625412919456,2
917,0.2814055377069812,0.6594485658308207,2
1499,0.39032114487271663,-0.5604315303377672,2
978,0.6466922983852295,0.23204430286152394,2
1142,0.08575023098431037,-1.0502923786397313,0
347,0.9015909439588733,0.5019171511537383,0
951,0.5497141373891803,0.42416496501049883,2
1452,-0.6978678968527877,0.18643953123003587,2
190,0.11160036224508736,-0.24689010346227813,1
1392,1.0024685484865046,-0.00934538672557507,0
286,-0.21213556949527324,0.036960594683386194,1
1174,0.823744196891813,0.6309561800746781,0
477,-0.259729621536565,-0.2575739124648159,1
867,-0.4676652931181413,0.5659738420226686,2
104,0.2554612721887864,0.13897290615004615,1
25,-0.7792249018338715,-0.6335313765986476,0
1476,-0.7346077060154256,0.5259215300583795,0
628,0.17786157918253429,0.26671517571953385,1
858,-0.9350331064013303,-0.28158201385785037,0
393,-0.06914972689233877,-0.23880721809533306,1
181,-0.08897697829564798,-0.3044808628459637,1
1172,0.9624962169758117,-0.1189307168358247,0
1090,0.7056069229902922,-0.021166424248590995,2
309,-0.2764492063875981,0.05781481368382611,1
1393,-0.5485527882779884,-0.37461458339416875,2
1480,0.6868074501941522,0.13120471905113087,2
47,-0.09344889863595046,-0.26370620381314586,1
172,-0.21872126865939873,0.044922169913915955,1
209,0.29709526224726235,-0.09926937272372757,1
157,-0.20865567417682193,-0.17256570648382102,1
450,0.2466023199469884,0.09527458406560758,1
188,0.20266629951222176,0.20937474531888756,1
199,-0.23341979848543876,0.107102831879197,1
269,0.27560100642467195,0.12239326942661541,1
249,-0.08315013187126463,0.9675267838190552,0
160,0.29147624993548576,-0.18437397388354732,1
1132,-0.34988847737596296,-0.6289448177450783,2
362,-0.29743504520659453,0.00986888811094383,1
698,0.40620674708001453,-0.9956922149710912,0
142,-0.290386121480858,-0.02611456013771502,1
923,-0.02290238339093042,0.7189557018827004,2
1491,0.3051716268960828,1.0078406659712504,0
167,0.11109382108095212,0.2975177448444129,1
129,0.24912953163811793,-0.030674016209763504,1
639,1.0484203046985499,-0.08869550705854876,0
733,-0.022152370027414096,0.32352890552479535,1
1098,-0.20352913068807654,0.6549802678439927,2
718,-0.2542517777906226,0.0750663348334017,1
1353,-0.5643692120839348,0.38435039080489286,2
1149,-0.21875694652657313,-0.6881696611050606,2
1438,0.4606084829668566,-0.5471909468432861,2
385,0.2601676777111829,-0.13198878590081717,1
819,0.8205333274112954,-0.64509646919806,0
960,-0.46655202856294636,-0.4612137814085447,2
576,-0.16136191894477525,-0.2473884377745475,1
140,0.5462910028596554,0.7910867950650465,0
729,-0.46800918107222234,0.8479133506783937,0
926,0.2929061190746175,0.9223149635522776,0
526,-0.3435583492222283,-0.09657533781364283,1
1494,0.6805812911305924,0.11483289533992093,2
853,-0.5449594106168092,-0.4361616984745049,2
664,0.001816501019846456,-0.3158482425279832,1
668,-0.3069193719105292,-0.011552465307138514,1
314,-0.369098744579667,0.09611338274174351,1
1462,0.49870948958162403,-0.5442637301732447,2
760,0.7028543180971794,0.09575684677164126,2
510,0.26148245599700437,-0.06049314941524904,1
1454,0.779686075516401,0.6824222028726191,0
40,0.19114711650961422,-0.2528272450882222,1
1143,-0.24850301332835156,-0.5963437877558385,2
1253,-0.08407402811741356,-0.7062255306643254,2
211,0.2769898199516711,0.13694555507532732,1
136,-0.002285652056474456,0.2591209503537672,1
683,-0.22474240608522075,0.16547330661739132,1
924,-0.1881836820504391,0.7236801785791238,2
343,0.9636873834879046,0.2824578732397383,0
511,0.048929622935097505,-0.2708412613189886,1
232,1.052205122414955,0.15185752416536402,0
1020,0.271480220573521,0.6221622925755372,2
713,-0.1512662089637981,-0.24760495093067345,1
1064,-0.7510445624783242,0.21493001537255746,2
965,0.543474030184444,0.48535015223574046,2
1015,-0.6377347235698628,0.2043237256600831,2
1001,-0.9522114155609989,0.25388045653083063,0
0,-0.24702127915856048,-0.10880437532346958,1
980,1.0701574571169192,-0.00232084115673495,0
848,0.5142943813221458,-0.44733666330343974,2
814,0.640071058052864,0.35057803635978146,2
21,0.9811316965773318,0.30105905224324414,0
168,0.19418470443533428,0.18252873652899207,1
1326,-0.4277666659184759,-0.5457648959442203,2
894,-0.328552551979258,0.6211829777625688,2
838,-0.7649456191556101,-0.62008548381803,0
304,0.8787225428757504,-0.4994574912176913,0
1378,0.32511140025640545,0.6386257700748345,2
239,0.9933044648806998,0.17272336649066106,0
50,-0.8221101183353555,0.5598690482993307,0
236,-0.2642915374382174,0.23565349457336165,1
175,0.13631949840774646,0.24865713807731704,1
1383,-0.4728686876581104,-0.4936780542541436,2
150,0.23585886870553915,-0.14687283689319344,1
915,0.4890911931743204,0.7870886916059268,0
1497,0.7078950158955173,-0.02341518421737726,2
110,-0.25734225116682535,0.21696750000579046,1
692,0.05885605967544652,-0.31102928646667116,1
1283,0.6267664022932175,0.21117237913126488,2
646,-0.2903854962992088,-0.05017275949632358,1
1,0.9503196516504037,0.2802462640437624,0
472,-0.9628928911729623,-0.19617322162668863,0
1488,-0.37365872466514577,0.6352656069794184,2
1054,0.8787225428757504,-0.4994574912176913,0
467,0.32342305751170264,-0.07661868238919436,1
1361,0.6715041581762399,-0.32824445096143007,2
267,0.6307247224010742,0.8650878983571679,0
891,-0.7310812948011207,-0.21448807108484055,2
808,0.09160545839153736,0.6906031755411616,2
289,0.17823001678338302,0.23327972249252954,1
87,-0.28952252124846173,0.05375744459737497,1
815,-0.06636578397602692,0.7668356640841687,2
494,0.23117153523496647,-0.2482284263105514,1
1190,-0.16817492675849802,0.6980098106909435,2
353,-0.826588217023775,-0.548042060857396,0
1469,-0.7927750031441384,-0.5212574819342397,0
1284,-0.6263500109053518,0.1990821563388215,2
71,0.10579045959541139,0.9680798872652716,0
145,0.949862474104234,-0.37542858707399496,0
395,-0.018608976385082993,0.3419466744109162,1
1386,0.015759419518118135,-0.6729010764707668,2
1300,-0.07778498390541953,-0.7339529403434683,2
871,0.680981013232286,0.09110077947523638,2
1277,-0.28096299788481793,0.6529956900455982,2
1421,-0.9154960439040538,0.4603846234705026,0
674,-0.2956391919797851,0.037698098638120583,1
207,0.2547252403492302,-0.15129317274087367,1
227,-0.002618114102084526,0.2820426391757878,1
268,-0.15311289490728533,-0.1660970894721891,1
36,-0.30506026500684125,0.013955675521153815,1
513,0.18501233522464414,-0.25817488344495376,1
230,1.0701574571169192,-0.00232084115673495,0
1071,0.44195736071092334,0.5384201367536278,2
975,0.807334960854567,-0.514239219724226,0
1210,0.9306608024937492,-0.14524326212457045,0
654,-0.7886786255784191,-0.4631439714592131,0
285,0.16468952098431042,-0.27863128847880875,1
197,0.0467738157995137,-0.225350539292475,1
982,1.052205122414955,0.15185752416536402,0
1065,-0.24816180295123522,0.7285698823273412,2
1163,0.7267097536340938,0.15787920602136504,2
608,-0.03875729562267502,0.316799134252032,1
1063,0.7601162922655234,0.18517886044825008,2
1137,-0.6880134477106645,-0.0211179363648657,2
886,0.06276921402147893,0.6537953280369144,2
1440,0.061176413668128045,0.9881558372835871,0
133,-0.04619065485311624,-0.26779239852256237,1
1057,1.0244855203631924,0.07513971900282924,0
908,-1.0032011451666318,0.20305724192223623,0
51,-0.36660655815897725,-0.04327028486926751,1
306,-0.17359925073571864,0.18316261435396203,1
189,0.7635271181164636,0.6504094516034676,0
382,-0.17957676074993378,-0.2670139967586706,1
1125,-0.3324686055167026,0.5771019234782325,2
235,0.01527077297266767,0.2581983259897658,1
1400,-0.13455324785603476,-0.7026143467737,2
137,-0.8677670729945393,-0.40845963883928427,0
993,-0.1603448625380342,-0.6700877065472368,2
242,0.5207079412822674,-0.8733580585124903,0
69,0.8205333274112954,-0.64509646919806,0
757,-0.6680406703738603,0.1558448152397331,2
570,-0.277167772157765,-0.12364481814109055,1
783,0.5784927923962,0.3891629464443208,2
146,-0.26618305924892194,-0.06039818765163245,1
1348,0.03552634639519339,0.7217751116310952,2
1229,0.14877506204365865,-0.691062042111896,2
559,-0.2553817491270468,-0.1398155290041125,1
1236,-0.20078769290195847,-0.6544287784031323,2
490,-1.0269606363000927,0.16568938003033382,0
1410,-0.6200480904287037,0.8058485579158589,0
1120,1.0282431329361978,-0.2367879580375266,0
123,-1.034396191285806,-0.032605710393891874,0
547,0.7101122394756787,-0.7033555204963228,0
1134,-0.33745034286565356,-0.6366086294273399,2
906,-0.6854189867973018,0.12434367460216075,2
985,-0.07443753140708481,0.6480090751043966,2
1084,-0.19570969611868938,0.9380942414610403,0
356,0.11751924809393269,-0.9886753864111435,0
340,0.30611214034788514,-0.0010686969766832578,1
373,0.25989525532261654,0.12870553740502216,1
254,-0.3222955600807794,-0.016786387616606648,1
64,0.27397458900449706,0.18941546207431642,1
283,0.04967595598271549,0.2203979285317788,1
558,0.28964421984983724,-0.15083763427351765,1
837,-0.6857070915271223,0.10887356087123018,2
183,-0.2629353388805046,-0.1772647573915982,1
1209,0.23030065804307154,0.6251894082009714,2
1354,-0.6796178053659496,0.23900717547111955,2
1377,-0.30297074214733394,-0.657752382513306,2
152,0.9932541388526579,0.23932886075805349,0
918,0.4491543003348102,0.4907340336393077,2
667,-0.676403862926529,-0.7521364246302304,0
615,-0.7596882634126775,0.6456377908802029,0
1387,0.3815332368691931,0.5433825298268085,2
1188,0.4919937543857641,0.5247777922684627,2
369,0.8449395096771048,-0.45527656360401775,0
1034,-0.019216850001788875,0.685704173027776,2
1493,-0.4496829459461327,0.5681656971108151,2
1103,-0.826588217023775,-0.548042060857396,0
910,0.6028611705622952,-0.4354505183998274,2
336,0.4838969892140291,0.7938041698785269,0
474,0.27994892232612056,-0.10638048644790074,1
1176,0.4860729075037617,-0.45828109423877933,2
629,0.05724192084167711,-0.28831293287677173,1
595,-0.21328783684470684,-0.30357611621326636,1
1089,1.0120825246372591,-0.2286175493693147,0
762,0.6585331615133209,-0.01726999500889283,2
721,-0.25573894132212677,0.19498794395751828,1
1371,0.06463503441812452,-0.9726446211751116,0
1437,0.22980486363846436,-0.9358276781846505,0
366,0.35595316608602323,0.04876302256417814,1
414,-0.2174585204826776,-0.9525631900156905,0
851,-0.47591090706746586,-0.5478276815829584,2
1094,0.5116681935308449,-0.6082267735539885,2
902,0.9932541388526579,0.23932886075805349,0
562,-0.20474422292025188,-0.9579838529061863,0
118,-0.17695163340740314,0.2992912695645488,1
1104,0.32868080104635583,-0.8513904191385298,0
100,-0.23191042626046843,-0.1882229382319841,1
432,0.6889118837329293,0.6785862234201162,0
1185,0.5569796922530412,0.44590077029988046,2
843,0.11855237409641724,-1.0112871189613841,0
280,0.3027951245642057,-0.12079858563905846,1
208,0.00856328528512832,-0.29666466140625725,1
704,0.779686075516401,0.6824222028726191,0
19,0.2845566216025538,0.08773462878127745,1
453,0.26978525528669534,-0.06209694692691384,1
97,-0.12469960933125959,-1.004633302928899,0
701,-0.249921026240563,-0.2167829618507307,1
539,0.3578214502247661,-0.02141990586844605,1
1321,0.49124875441103344,-0.8148083123393068,0
427,-0.02982629339275665,0.3557652498005818,1
594,-0.3074096402180981,0.1266168057640709,1
1254,0.3429765863623902,0.6369114507408571,2
418,-0.7007419762667753,-0.6837805579572477,0
1418,-0.7068877895920557,-0.01657888126047955,2
1227,-0.5513170725051295,-0.5313927548362914,2
719,-0.7927750031441384,-0.5212574819342397,0
1022,0.28175598653928513,-0.6654286124076594,2
869,0.08105720201911755,0.703934244715619,2
1240,-1.0269606363000927,0.16568938003033382,0
1278,0.1796620479448847,0.6891977100092772,2
1114,-0.9989235092972593,-0.17116225982259436,0
787,0.5084879127207469,-0.4880942886704151,2
1007,0.39758444731673526,0.532898306131333,2
277,-0.5670579521986551,0.8829137172028968,0
988,0.5453039508828814,-0.5159976724294167,2
163,0.26196510270319373,-0.03404553438733746,1
1234,0.09070913394150111,0.7166478259532799,2
321,0.20684325979393417,0.21481333900364888,1
117,-0.24075771346743866,0.23656080297129772,1
669,-0.1541050201109842,-1.0460484268350054,0
824,-0.43612778421738485,0.5409238482499689,2
1047,0.9568838897882918,-0.32480419360244495,0
1474,-0.23708189855415315,0.6179617740010266,2
540,0.2794707060168272,0.10143073160857513,1
821,0.10579045959541139,0.9680798872652716,0
864,-0.010279620467456185,-0.6856564229258681,2
438,0.24484990914963042,0.21026241941381504,1
1000,-0.6905595950533503,0.056644342828582696,2
